{"cameraMode":{"drawMode":0,"name":"Shaded","section":"Shading Mode"},"sceneLighting":true,"audioPlay":false,"sceneViewState":{"showFog":true,"showMaterialUpdate":false,"showSkybox":true,"showFlares":true,"showImageEffects":true,"showParticleSystems":true,"showVisualEffectGraphs":true,"m_FxEnabled":true},"in2DMode":false,"pivot":{"x":606.8622436523438,"y":380.95123291015627,"z":85.82098388671875},"rotation":{"x":0.02580287493765354,"y":0.016803564503788949,"z":-0.00043388199992477894,"w":0.9995286464691162},"size":381.39068603515627,"orthographic":false}